ts,power_w,sm_mhz,temp_c,gpu_util,mem_util,pstate
23:35:11,9.02, 937, 52, 5, 15, P8
23:35:11,9.72, 1020, 52, 5, 16, P8
23:35:12,9.62, 1080, 53, 6, 16, P8
23:35:13,43.09, 2842, 65, 99, 20, P0
23:35:14,80.46, 2835, 66, 100, 19, P0
23:35:15,80.93, 2835, 67, 99, 19, P0
23:35:16,79.64, 2835, 67, 99, 20, P0
23:35:17,79.72, 2835, 68, 99, 19, P0
23:35:18,79.91, 2835, 68, 99, 19, P0
23:35:19,78.93, 2835, 68, 99, 21, P2
23:35:20,77.57, 2835, 69, 99, 21, P2
23:35:21,77.68, 2835, 69, 99, 21, P2
23:35:22,77.69, 2835, 69, 99, 21, P2
23:35:23,77.81, 2835, 70, 99, 21, P2
23:35:24,77.99, 2835, 70, 99, 21, P2
23:35:25,78.02, 2835, 70, 99, 21, P2
23:35:26,78.10, 2835, 71, 99, 21, P2
23:35:27,78.13, 2835, 71, 99, 21, P2
23:35:28,78.31, 2835, 71, 99, 21, P2
23:35:29,78.36, 2835, 72, 99, 21, P2
23:35:30,78.31, 2835, 72, 99, 21, P2
23:35:31,78.35, 2835, 72, 99, 21, P2
23:35:32,78.49, 2835, 72, 99, 21, P2
23:35:33,78.60, 2835, 73, 99, 21, P2
23:35:34,78.70, 2835, 73, 99, 21, P2
23:35:35,79.08, 2835, 74, 99, 21, P2
23:35:36,79.06, 2835, 74, 99, 21, P2
23:35:37,79.24, 2835, 74, 99, 21, P2
23:35:38,79.26, 2835, 75, 99, 21, P2
23:35:39,79.37, 2835, 75, 99, 21, P2
23:35:40,79.16, 2827, 75, 99, 21, P2
23:35:41,79.20, 2827, 75, 99, 21, P2
23:35:42,79.39, 2827, 76, 99, 21, P2
23:35:43,79.46, 2827, 76, 99, 21, P2
23:35:44,79.52, 2827, 76, 99, 21, P2
23:35:45,79.53, 2827, 76, 99, 21, P2
23:35:46,79.81, 2827, 76, 99, 21, P2
23:35:47,79.72, 2827, 77, 99, 21, P2
23:35:48,79.76, 2827, 77, 99, 21, P2
23:35:49,79.83, 2827, 77, 99, 21, P2
23:35:50,79.99, 2827, 77, 99, 21, P2
23:35:51,80.05, 2827, 77, 99, 21, P2
23:35:52,80.00, 2827, 77, 99, 21, P2
23:35:53,80.00, 2827, 78, 99, 21, P2
23:35:54,80.02, 2827, 78, 99, 21, P2
23:35:55,80.06, 2827, 78, 99, 21, P2
23:35:56,80.13, 2827, 78, 99, 21, P2
23:35:57,80.09, 2827, 77, 99, 21, P2
23:35:58,80.12, 2827, 78, 99, 21, P2
23:35:59,80.19, 2827, 78, 99, 21, P2
23:36:00,80.31, 2827, 78, 99, 21, P2
23:36:01,80.28, 2827, 78, 99, 21, P2
23:36:02,80.30, 2827, 78, 99, 21, P2
23:36:03,80.22, 2827, 78, 99, 21, P2
23:36:04,80.23, 2827, 78, 99, 21, P2
23:36:05,80.23, 2827, 78, 99, 21, P2
23:36:06,80.16, 2827, 78, 99, 21, P2
23:36:07,80.17, 2827, 78, 99, 21, P2
23:36:08,80.22, 2827, 78, 99, 21, P2
23:36:09,80.18, 2827, 78, 99, 21, P2
23:36:10,80.16, 2827, 78, 99, 21, P2
23:36:11,80.19, 2827, 78, 99, 21, P2
23:36:12,80.24, 2827, 78, 99, 21, P2
23:36:13,80.29, 2827, 78, 99, 21, P2
23:36:14,71.85, 2505, 68, 3, 1, P4
23:36:15,14.03, 960, 65, 3, 1, P4
23:36:16,13.87, 990, 64, 4, 1, P4
23:36:17,13.51, 1057, 63, 4, 1, P4
23:36:18,26.55, 1912, 73, 99, 90, P4
23:36:19,108.14, 2790, 79, 99, 89, P2
23:36:20,111.35, 2790, 79, 99, 88, P2
23:36:21,111.44, 2782, 79, 99, 88, P2
23:36:22,111.64, 2790, 80, 99, 88, P2
23:36:23,111.45, 2782, 80, 99, 88, P2
23:36:24,111.56, 2782, 80, 99, 89, P2
23:36:25,111.62, 2790, 80, 99, 88, P2
23:36:26,111.64, 2782, 80, 99, 88, P2
23:36:27,112.53, 2797, 81, 99, 88, P2
23:36:28,113.41, 2790, 81, 99, 89, P2
23:36:29,113.12, 2790, 81, 99, 88, P2
23:36:30,113.57, 2790, 81, 99, 89, P2
23:36:31,113.31, 2790, 81, 99, 90, P2
23:36:32,113.32, 2790, 81, 99, 89, P2
23:36:33,113.17, 2790, 81, 99, 89, P2
23:36:34,113.53, 2790, 81, 99, 89, P2
23:36:35,113.39, 2790, 82, 99, 89, P2
23:36:36,113.62, 2790, 82, 99, 88, P2
23:36:36,113.80, 2797, 81, 99, 89, P2
23:36:37,85.60, 1597, 68, 4, 1, P2
23:36:38,15.18, 885, 66, 4, 1, P0
23:36:39,15.16, 862, 65, 4, 1, P0
23:36:40,14.01, 847, 64, 4, 7, P5
23:36:42,52.22, 2842, 70, 99, 95, P2
23:36:42,68.50, 2842, 70, 99, 95, P2
23:36:43,68.48, 2842, 70, 99, 95, P2
23:36:44,68.51, 2842, 70, 99, 95, P2
23:36:45,68.45, 2835, 70, 99, 95, P2
23:36:46,68.38, 2835, 70, 99, 95, P2
23:36:47,68.43, 2842, 70, 99, 95, P2
23:36:48,68.42, 2835, 70, 99, 95, P2
23:36:49,68.36, 2835, 70, 99, 95, P2
23:36:50,68.33, 2842, 70, 99, 95, P2
23:36:51,68.39, 2835, 70, 99, 95, P2
23:36:52,68.38, 2835, 70, 99, 95, P2
23:36:53,68.34, 2835, 70, 99, 95, P2
23:36:54,68.32, 2835, 70, 99, 95, P2
23:36:55,68.39, 2835, 70, 99, 95, P2
23:36:56,68.39, 2835, 70, 99, 95, P2
23:36:57,68.32, 2835, 70, 99, 95, P2
23:36:58,68.27, 2835, 70, 99, 95, P2
23:36:59,68.30, 2835, 70, 99, 95, P2
23:37:00,68.28, 2835, 70, 99, 95, P2
23:37:01,23.86, 967, 63, 4, 1, P0
23:37:02,15.19, 960, 63, 3, 1, P0
23:37:03,14.51, 937, 62, 4, 1, P4
23:37:04,27.31, 2850, 67, 99, 95, P0
23:37:05,69.67, 2835, 68, 99, 95, P2
23:37:06,67.64, 2835, 68, 99, 95, P2
23:37:07,67.37, 2842, 68, 99, 95, P2
23:37:08,67.26, 2835, 68, 99, 95, P2
23:37:09,67.01, 2842, 68, 99, 95, P2
23:37:10,67.07, 2842, 68, 99, 95, P2
23:37:11,67.11, 2842, 68, 99, 95, P2
23:37:12,67.12, 2842, 68, 99, 95, P2
23:37:13,66.88, 2842, 68, 99, 95, P2
23:37:14,66.96, 2842, 68, 99, 95, P2
23:37:15,66.93, 2842, 68, 99, 95, P2
23:37:16,66.88, 2842, 68, 99, 96, P2
23:37:17,66.83, 2842, 68, 99, 95, P2
23:37:18,66.82, 2842, 68, 99, 95, P2
23:37:19,66.84, 2842, 68, 99, 95, P2
23:37:20,66.81, 2842, 68, 99, 95, P2
23:37:21,66.57, 2842, 68, 99, 95, P2
23:37:22,66.50, 2842, 68, 99, 95, P2
23:37:23,66.58, 2842, 68, 99, 95, P2
23:37:24,26.77, 937, 62, 4, 1, P0
23:37:25,15.00, 937, 62, 4, 1, P0
23:37:26,14.12, 930, 61, 3, 1, P4
23:37:27,38.41, 2835, 72, 99, 37, P2
23:37:28,67.38, 2835, 73, 99, 38, P2
23:37:29,79.61, 2835, 74, 99, 34, P0
23:37:30,79.66, 2835, 74, 99, 37, P2
23:37:31,79.41, 2835, 74, 99, 38, P2
23:37:32,76.82, 2835, 74, 99, 38, P2
23:37:33,77.83, 2835, 75, 99, 37, P2
23:37:34,77.15, 2827, 75, 99, 37, P2
23:37:35,79.83, 2827, 75, 99, 37, P2
23:37:36,77.06, 2827, 75, 99, 37, P2
23:37:37,79.47, 2827, 75, 99, 37, P2
23:37:38,79.65, 2827, 75, 99, 37, P2
23:37:39,79.75, 2827, 76, 99, 37, P2
23:37:40,79.62, 2827, 76, 99, 37, P2
23:37:41,79.64, 2827, 76, 99, 37, P2
23:37:42,77.95, 2827, 76, 99, 37, P2
23:37:43,78.17, 2827, 76, 99, 37, P2
23:37:44,79.99, 2827, 76, 99, 37, P2
23:37:45,78.21, 2827, 76, 99, 37, P2
23:37:46,79.67, 2827, 76, 99, 35, P0
23:37:47,80.59, 2827, 76, 99, 35, P0
23:37:48,81.20, 2827, 77, 100, 35, P0
23:37:49,80.87, 2827, 77, 100, 42, P4
23:37:50,78.05, 2827, 77, 99, 38, P2
23:37:51,79.42, 2827, 78, 99, 35, P0
23:37:52,80.81, 2827, 78, 99, 35, P0
23:37:53,80.58, 2827, 78, 99, 35, P0
23:37:54,80.75, 2827, 78, 99, 36, P0
23:37:55,79.88, 2827, 77, 99, 38, P2
23:37:56,78.65, 2827, 78, 99, 37, P2
23:37:57,80.58, 2827, 78, 99, 38, P2
23:37:58,78.98, 2827, 78, 99, 38, P2
23:37:59,80.00, 2827, 79, 99, 34, P0
23:38:00,81.22, 2827, 79, 99, 33, P0
23:38:01,80.53, 2827, 79, 99, 35, P2
23:38:02,79.52, 2827, 79, 99, 36, P2
23:38:03,79.61, 2827, 79, 99, 35, P2
23:38:04,81.79, 2827, 78, 99, 35, P2
23:38:04,24.22, 1050, 66, 4, 1, P4
23:38:05,13.03, 885, 65, 2, 1, P4
23:38:06,12.57, 960, 65, 1, 1, P4
